dataset	OR	CI_lower	p_value
Phage	1589.0228916051203	507.3580812074072	2.673725058269314e-127
Plasmid	7.689430356739171	5.260789085249864	6.683234594505628e-23
